BA,Demand_API,Name,TimeZone,Region,State,
AEC,"""EBA.AEC-ALL.D.H""",PowerSouth Energy Cooperative,Central,Southeast,ALABAMA,
AZPS,"""EBA.AZPS-ALL.D.H""",Arizona Public Service Company,Arizona,Southwest,ARIZONA,
TEPC,"""EBA.TEPC-ALL.D.H""",Tucson Electric Power,Arizona,Southwest,ARIZONA,
WALC,"""EBA.WALC-ALL.D.H""",Western Area Power Administration - Desert Southwest Region,Arizona,Southwest,ARIZONA,
SWPP,"""EBA.SWPP-ALL.D.H""",Southwest Power Pool,Central,Central,ARIZONA,
SRP,"""EBA.SRP-ALL.D.H""",Salt River Project Agricultural Improvement and Power District,Arizona,Southwest,ARIZONA,
CISO,"""EBA.CISO-ALL.D.H""",California Independent System Operator,Pacific,California,CALIFORNIA,
LDWP,"""EBA.LDWP-ALL.D.H""",Los Angeles Department of Water and Power,Pacific,California,CALIFORNIA,
WWA,"""EBA.WWA-ALL.D.H""","NaturEner Wind Watch, LLC",Mountain,Northwest,CALIFORNIA,
IID,"""EBA.IID-ALL.D.H""",Imperial Irrigation District,Pacific,California,CALIFORNIA,
BANC,"""EBA.BANC-ALL.D.H""",Balancing Authority of Northern California,Pacific,California,CALIFORNIA,
TIDC,"""EBA.TIDC-ALL.D.H""",Turlock Irrigation District,Pacific,California,CALIFORNIA,
PSCO,"""EBA.PSCO-ALL.D.H""",Public Service Company of Colorado,Mountain,Northwest,COLORADO,
WAUW,"""EBA.WAUW-ALL.D.H""",Western Area Power Administration - Upper Great Plains West,Mountain,Northwest,COLORADO,
WACM,"""EBA.WACM-ALL.D.H""",Western Area Power Administration - Rocky Mountain Region,Arizona,Northwest,COLORADO,
TAL,"""EBA.TAL-ALL.D.H""","Tallahassee, City of",Eastern,Florida,FLORIDA,
SEC,"""EBA.SEC-ALL.D.H""",Seminole Electric Cooperative,Eastern,Florida,FLORIDA,
FPC,"""EBA.FPC-ALL.D.H""","Duke Energy Florida, Inc.",Eastern,Florida,FLORIDA,
JEA,"""EBA.JEA-ALL.D.H""","JEA (Jacksonville, FL)",Eastern,Florida,FLORIDA,
FPL,"""EBA.FPL-ALL.D.H""",Florida Power & Light Co.,Eastern,Florida,FLORIDA,
HST,"""EBA.HST-ALL.D.H""","Homestead, City of",Eastern,Florida,FLORIDA,
NSB,"""EBA.NSB-ALL.D.H""","New Smyrna Beach, Utilities Commission of",Eastern,Florida,FLORIDA,
FMPP,"""EBA.FMPP-ALL.D.H""",Florida Municipal Power Pool,Eastern,Florida,FLORIDA,
TEC,"""EBA.TEC-ALL.D.H""",Tampa Electric Company,Eastern,Florida,FLORIDA,
GVL,"""EBA.GVL-ALL.D.H""",Gainesville Regional Utilities,Eastern,Florida,FLORIDA,
SOCO,"""EBA.SOCO-ALL.D.H""","Southern Company Services, Inc. - Trans",Central,Southeast,GEORGIA,
IPCO,"""EBA.IPCO-ALL.D.H""",Idaho Power Company,Pacific,Northwest,IDAHO,
EEI,"""EBA.EEI-ALL.D.H""","Electric Energy, Inc.",Central,Midwest,ILLIONOIS,
LGEE,"""EBA.LGEE-ALL.D.H""",LG&E and KU Services Company as agent for Louisville Gas and Electric Company and Kentucky Utilities Company,Central Standard,Midwest,KENTUCKY,
ISNE,"""EBA.ISNE-ALL.D.H""",New England ISO,Eastern,New England ISO,MASSACHUSETTS,
MISO,"""EBA.MISO-ALL.D.H""","Midcontinent Independent System Operator, Inc.",Eastern Standard,Midwest,MINNESOTA,
AECI,"""EBA.AECI-ALL.D.H""","Associated Electric Cooperative, Inc.",Central,Midwest,MISSOURI,
NEVP,"""EBA.NEVP-ALL.D.H""",Nevada Power Company,Pacific,Northwest,NEVADA,
PNM,"""EBA.PNM-ALL.D.H""",Public Service Company of New Mexico,Arizona,Southwest,NEW MEXICO,
NYIS,"""EBA.NYIS-ALL.D.H""",New York Independent System Operator,Eastern,New York Independent System Operator,NEW YORK,
DUK,"""EBA.DUK-ALL.D.H""",Duke Energy Carolinas,Eastern,Carolinas,NORTH CAROLINA,
CPLW,"""EBA.CPLW-ALL.D.H""",Duke Energy Progress West,Eastern,Carolinas,NORTH CAROLINA,
CPLE,"""EBA.CPLE-ALL.D.H""",Duke Energy Progress East,Eastern,Carolinas,NORTH CAROLINA,
OVEC,"""EBA.OVEC-ALL.D.H""",Ohio Valley Electric Corporation,Eastern,Mid-Atlantic,OHIO,
SPA,"""EBA.SPA-ALL.D.H""",Southwestern Power Administration,Central,Central,OKLAHOMA,
PACE,"""EBA.PACE-ALL.D.H""",PacifiCorp East,Mountain,Northwest,OREGON,
PACW,"""EBA.PACW-ALL.D.H""",PacifiCorp West,Pacific,Northwest,OREGON,
PGE,"""EBA.PGE-ALL.D.H""",Portland General Electric Company,Pacific,Northwest,OREGON,
BPAT,"""EBA.BPAT-ALL.D.H""",Bonneville Power Administration,Pacific,Northwest,OREGON,
PJM,"""EBA.PJM-ALL.D.H""","PJM Interconnection, LLC",Eastern,Mid-Atlantic,PENNSYLVANIA,
SCEG,"""EBA.SCEG-ALL.D.H""",South Carolina Electric & Gas Company,Eastern,Carolinas,SOUTH CAROLINA,
SC,"""EBA.SC-ALL.D.H""",South Carolina Public Service Authority,Eastern,Carolinas,SOUTH CAROLINA,
NWMT,"""EBA.NWMT-ALL.D.H""",NorthWestern Corporation,Mountain,Northwest,SOUTH DAKOTA,
TVA,"""EBA.TVA-ALL.D.H""",Tennessee Valley Authority,Central,Tennessee Valley Authority ,TENNESSEE,
EPE,"""EBA.EPE-ALL.D.H""",El Paso Electric Company,Arizona,Southwest,TEXAS,
ERCO,"""EBA.ERCO-ALL.D.H""","Electric Reliability Council of Texas, Inc.",Central,"Electric Reliabality Council of Texas, Inc.",TEXAS,
GCPD,"""EBA.GCPD-ALL.D.H""","Public Utility District No. 2 of Grant County, Washington",Pacific,Northwest,WASHINGTON,
TPWR,"""EBA.TPWR-ALL.D.H""","City of Tacoma, Department of Public Utilities, Light Division",Pacific,Northwest,WASHINGTON,
AVA,"""EBA.AVA-ALL.D.H""",Avista Corporation,Pacific,Northwest,WASHINGTON,
CHPD,"""EBA.CHPD-ALL.D.H""",Public Utility District No. 1 of Chelan County,Pacific,Northwest,WASHINGTON,
SCL,"""EBA.SCL-ALL.D.H""",Seattle City Light,Pacific,Northwest,WASHINGTON,
DOPD,"""EBA.DOPD-ALL.D.H""",PUD No. 1 of Douglas County,Pacific,Northwest,WASHINGTON,
PSEI,"""EBA.PSEI-ALL.D.H""","Puget Sound Energy, Inc.",Pacific,Northwest,WASHINGTON,