SOCO,2015,7,33021.31048387097
PSEI,2015,7,3278.69623655914
OVEC,2015,7,77.11843876177659
BANC,2015,7,2382.896505376344
ISNE,2015,7,16432.236559139787
LDWP,2015,7,3574.5725806451615
PACW,2015,7,1954.5760430686407
AECI,2015,7,2594.4314516129034
TIDC,2015,7,383.96370967741933
LGEE,2015,7,4677.407258064516
SCEG,2015,7,3394.3709677419356
BPAT,2015,7,6130.941011235955
SWPP,2015,7,33042.104838709674
AZPS,2015,7,4679.2755376344085
NWMT,2015,7,1320.9314516129032
PGE,2015,7,2581.7096774193546
EPE,2015,7,1216.8051075268818
CISO,2015,7,30045.872628726287
NYIS,2015,7,21291.119623655915
SPA,2015,7,89.03360215053763
AVA,2015,7,1284.3319892473119
CHPD,2015,7,442.7970430107527
WALC,2015,7,1119.616935483871
NSB,2015,7,59.79032258064516
SCL,2015,7,1044.125
FPC,2015,7,7025.694892473119
SRP,2015,7,4430.344086021505
CPLE,2015,7,8346.131720430107
PACE,2015,7,7283.6985195154775
FMPP,2015,7,2377.1008064516127
TPWR,2015,7,506.6532258064516
PSCO,2015,7,5457.0161290322585
ERCO,2015,7,49652.67338709677
JEA,2015,7,1898.616935483871
TVA,2015,7,21042.975806451614
TEPC,2015,7,1927.8293010752689
GCPD,2015,7,664.7083333333334
MISO,2015,7,87099.5376344086
IID,2015,7,440.9891304347826
IPCO,2015,7,2471.2540322580644
HST,2015,7,72.84118438761777
TAL,2015,7,378.3225806451613
NEVP,2015,7,5216.823924731183
DOPD,2015,7,183.03897849462365
DUK,2015,7,13836.431451612903
GVL,2015,7,272.7231182795699
SEC,2015,7,160.2029569892473
SC,2015,7,3661.3763440860216
FPL,2015,7,16364.014784946237
PJM,2015,7,102164.40994623656
TEC,2015,7,2722.9986559139784
AEC,2015,7,639.4475806451613
WACM,2015,7,3117.6397849462364
EEI,2015,7,0.0
PNM,2015,7,1835.1922043010752
CPLW,2015,7,576.2325268817204
TPWR,2015,8,494.18548387096774
MISO,2015,8,84080.74865591398
WACM,2015,8,3177.4475806451615
ISNE,2015,8,16653.977150537634
SOCO,2015,8,31726.627688172044
GCPD,2015,8,620.7647849462365
AVA,2015,8,1227.369623655914
JEA,2015,8,1801.4583333333333
SCEG,2015,8,3202.4825268817203
TAL,2015,8,378.63844086021504
FMPP,2015,8,2379.6276881720432
EPE,2015,8,1263.8844086021506
CISO,2015,8,31285.387096774193
NEVP,2015,8,5403.731182795699
PSEI,2015,8,3230.173387096774
DUK,2015,8,13210.572580645161
PSCO,2015,8,5518.862903225807
BANC,2015,8,2316.185483870968
NSB,2015,8,57.07258064516129
TEC,2015,8,2760.7325268817203
ERCO,2015,8,49706.040322580644
OVEC,2015,8,81.9489247311828
SEC,2015,8,171.11693548387098
PNM,2015,8,1887.1908602150538
FPL,2015,8,16534.577956989247
AEC,2015,8,614.8427419354839
TEPC,2015,8,2039.0739247311828
CPLE,2015,8,7828.083333333333
GVL,2015,8,272.68951612903226
IPCO,2015,8,2410.7594086021504
BPAT,2015,8,5897.029569892473
AZPS,2015,8,5034.102288021534
IID,2015,8,553.060975609756
SWPP,2015,8,31349.34946236559
PACE,2015,8,6732.3387096774195
FPC,2015,8,7075.67876344086
CPLW,2015,8,563.1397849462365
PJM,2015,8,99658.22311827957
AECI,2015,8,2322.162634408602
SC,2015,8,3378.0241935483873
TIDC,2015,8,374.3010752688172
CHPD,2015,8,424.0806451612903
SRP,2015,8,4704.670698924731
WALC,2015,8,1155.2647849462367
HST,2015,8,74.19354838709677
NWMT,2015,8,1295.0591397849462
LGEE,2015,8,4454.583333333333
NYIS,2015,8,21290.975806451614
DOPD,2015,8,168.95430107526883
TVA,2015,8,19372.40322580645
SPA,2015,8,82.4260752688172
PGE,2015,8,2520.141129032258
SCL,2015,8,1025.5456989247311
PACW,2015,8,1932.119623655914
LDWP,2015,8,3960.7459677419356
SPA,2015,9,72.90972222222223
PSEI,2015,9,3108.4666666666667
NEVP,2015,9,4821.548611111111
BPAT,2015,9,5526.981944444445
HST,2015,9,70.42241379310344
PACW,2015,9,1760.1819444444445
DOPD,2015,9,144.89511494252875
AECI,2015,9,2147.1722222222224
LDWP,2015,9,4025.0333333333333
WAUW,2015,9,73.97560975609755
TVA,2015,9,17807.956944444446
IPCO,2015,9,1873.5555555555557
ISNE,2015,9,15141.175
WACM,2015,9,2876.079166666667
GVL,2015,9,256.61494252873564
CPLE,2015,9,7060.5263888888885
SEC,2015,9,158.36666666666667
PNM,2015,9,1742.6194444444445
NYIS,2015,9,19747.13888888889
CPLW,2015,9,509.3236111111111
GCPD,2015,9,516.8652777777778
MISO,2015,9,79205.95277777778
PSCO,2015,9,5000.570833333333
NSB,2015,9,54.132183908045974
SRP,2015,9,3996.85
SC,2015,9,3031.9555555555557
NWMT,2015,9,1204.4652777777778
IID,2015,9,539.2098591549296
AZPS,2015,9,4283.815277777778
FPC,2015,9,6673.345833333334
AVA,2015,9,1156.3013888888888
DUK,2015,9,11599.226388888888
SWPP,2015,9,28682.383333333335
JEA,2015,9,1620.0041666666666
FPL,2015,9,15871.585195530726
TAL,2015,9,340.7772988505747
SCEG,2015,9,2865.463888888889
EPE,2015,9,1129.7027777777778
PGE,2015,9,2225.7988505747126
PACE,2015,9,6452.643055555555
BANC,2015,9,2155.6319444444443
LGEE,2015,9,4205.851388888889
TEPC,2015,9,1924.4319444444445
FMPP,2015,9,2295.681502086231
SCL,2015,9,1001.1436781609195
AEC,2015,9,531.5790229885057
CISO,2015,9,30479.49722222222
WALC,2015,9,1206.8083333333334
PJM,2015,9,92526.20555555556
TEC,2015,9,2715.0444444444443
ERCO,2015,9,44653.231944444444
OVEC,2015,9,82.48055555555555
TPWR,2015,9,476.30028735632186
SOCO,2015,9,27525.42361111111
TIDC,2015,9,341.4985632183908
CHPD,2015,9,398.39166666666665
TPWR,2015,10,506.7930107526882
SPA,2015,10,65.83064516129032
WACM,2015,10,2643.4690860215055
SCEG,2015,10,2365.467741935484
GVL,2015,10,215.875
LGEE,2015,10,3610.1397849462364
WAUW,2015,10,75.6624649859944
AVA,2015,10,1202.6827956989248
OVEC,2015,10,79.70295698924731
AEC,2015,10,429.72715053763443
CPLE,2015,10,5746.893817204301
DOPD,2015,10,136.88829071332435
SC,2015,10,2554.8978494623657
CHPD,2015,10,395.7016129032258
PJM,2015,10,78350.03629032258
BANC,2015,10,1882.505376344086
PACE,2015,10,5353.322580645161
WALC,2015,10,902.497311827957
IID,2015,10,386.1016260162602
CISO,2015,10,27184.440217391304
PSEI,2015,10,3203.930107526882
IPCO,2015,10,1545.5
LDWP,2015,10,3595.5228494623657
FPL,2015,10,14543.564516129032
TAL,2015,10,289.71639784946234
GCPD,2015,10,497.0040322580645
PNM,2015,10,1531.5631720430108
HST,2015,10,68.49193548387096
SWPP,2015,10,25620.68817204301
AECI,2015,10,1756.8494623655913
EPE,2015,10,884.5403225806451
PGE,2015,10,2185.255376344086
SCL,2015,10,1040.9180107526881
NWMT,2015,10,1166.0147849462367
AZPS,2015,10,3371.4381720430106
BPAT,2015,10,5468.41265474553
NEVP,2015,10,3886.2486559139784
FPC,2015,10,5713.823924731183
FMPP,2015,10,1993.475806451613
NYIS,2015,10,16219.654569892473
TIDC,2015,10,297.26747311827955
ERCO,2015,10,37071.45698924731
PSCO,2015,10,4522.115591397849
DUK,2015,10,10031.821236559139
TEPC,2015,10,1622.095430107527
SRP,2015,10,3163.8575268817203
ISNE,2015,10,12905.751344086022
TEC,2015,10,2360.2311827956987
SOCO,2015,10,23300.336021505376
CPLW,2015,10,493.6008064516129
NSB,2015,10,45.229838709677416
PACW,2015,10,1675.340053763441
SEC,2015,10,130.97173620457605
MISO,2015,10,68104.79166666667
JEA,2015,10,1385.8978494623657
TVA,2015,10,15142.33064516129
SEC,2015,11,130.5847222222222
CISO,2015,11,24021.722300140253
NYIS,2015,11,16438.495132127955
WALC,2015,11,815.663407821229
AZPS,2015,11,2834.405027932961
PACW,2015,11,2403.55
TPWR,2015,11,630.0013888888889
LDWP,2015,11,2956.2865329512892
PACE,2015,11,5791.594444444445
TVA,2015,11,15642.488178025034
TAL,2015,11,276.44305555555553
MISO,2015,11,66814.2
ISNE,2015,11,13193.3625
ERCO,2015,11,33271.30041724617
TIDC,2015,11,246.08194444444445
JEA,2015,11,1354.4442896935934
WAUW,2015,11,87.08635097493037
NWMT,2015,11,1306.95
PSCO,2015,11,4809.847009735744
DUK,2015,11,10310.52638888889
BPAT,2015,11,6522.456944444444
FMPP,2015,11,1952.7590529247911
TEPC,2015,11,1483.9916666666666
AECI,2015,11,1991.6954102920722
SWPP,2015,11,26129.76773296245
PSEI,2015,11,3776.9555555555557
SOCO,2015,11,23281.99861111111
LGEE,2015,11,3618.186111111111
AVA,2015,11,1478.941585535466
NEVP,2015,11,3580.9471488178024
OVEC,2015,11,64.34861111111111
FPC,2015,11,5536.791666666667
IID,2015,11,230.4172461752434
BANC,2015,11,1790.585535465925
SCL,2015,11,1203.3004172461754
CPLW,2015,11,530.5680555555556
DOPD,2015,11,180.03472222222223
EPE,2015,11,799.7013888888889
CHPD,2015,11,461.9263888888889
SPA,2015,11,64.1763888888889
GCPD,2015,11,487.34444444444443
HST,2015,11,63.31666666666667
PGE,2015,11,2443.559109874826
AEC,2015,11,445.03333333333336
PJM,2015,11,81157.643454039
SC,2015,11,2642.975
IPCO,2015,11,1691.3375
PNM,2015,11,1597.963888888889
SCEG,2015,11,2420.838888888889
NSB,2015,11,44.055632823365784
GVL,2015,11,209.77190542420027
WACM,2015,11,2843.722222222222
FPL,2015,11,14275.624478442282
SRP,2015,11,2595.052777777778
TEC,2015,11,2331.844228094576
CPLE,2015,11,5947.984700973574
CISO,2015,12,25209.41935483871
CPLE,2015,12,6127.569892473119
TPWR,2015,12,674.0819892473119
BANC,2015,12,1918.342741935484
LDWP,2015,12,3069.0994623655915
TEC,2015,12,2241.7056451612902
BPAT,2015,12,7067.805107526881
IPCO,2015,12,1912.5416666666667
HST,2015,12,58.90860215053763
SC,2015,12,2600.3360215053763
PNM,2015,12,1727.5819892473119
TEPC,2015,12,1611.9206989247311
DUK,2015,12,10475.274193548386
PSEI,2015,12,3954.826612903226
EPE,2015,12,859.9032258064516
PJM,2015,12,85470.4811827957
SCEG,2015,12,2433.5094086021504
PACW,2015,12,2773.2755376344085
FPL,2015,12,13418.466397849463
TAL,2015,12,266.40725806451616
IID,2015,12,251.86693548387098
GVL,2015,12,198.92876344086022
JEA,2015,12,1334.505376344086
AEC,2015,12,444.8198924731183
TVA,2015,12,16211.97311827957
SOCO,2015,12,23611.40994623656
LGEE,2015,12,3746.2405913978496
WAUW,2015,12,98.55390835579514
NEVP,2015,12,3820.15188172043
NSB,2015,12,40.88172043010753
GCPD,2015,12,528.4758064516129
SEC,2015,12,126.13575268817205
MISO,2015,12,70543.0
OVEC,2015,12,63.28225806451613
PGE,2015,12,2597.2056451612902
AZPS,2015,12,3214.3669354838707
CPLW,2015,12,543.9556451612904
SRP,2015,12,2951.6505376344085
WALC,2015,12,901.8319892473119
ERCO,2015,12,34719.395161290326
TIDC,2015,12,261.4126344086022
SWPP,2015,12,28080.202956989247
FPC,2015,12,5242.240591397849
PSCO,2015,12,5228.788978494624
FMPP,2015,12,1843.3472972972972
SCL,2015,12,1292.5846774193549
AECI,2015,12,2275.5887096774195
AVA,2015,12,1632.3924731182797
ISNE,2015,12,13850.360215053763
DOPD,2015,12,218.65934065934067
CHPD,2015,12,402.7217741935484
WACM,2015,12,3057.9583333333335
NYIS,2015,12,17004.732526881722
SPA,2015,12,72.3024193548387
PACE,2015,12,-54933.52553763441
NWMT,2015,12,1390.0497311827958
MISO,2016,1,76216.0497311828
ERCO,2016,1,37025.02688172043
DOPD,2016,1,223.17837078651687
BANC,2016,1,1872.9126344086021
SEC,2016,1,146.46370967741936
OVEC,2016,1,92.10215053763442
AZPS,2016,1,3109.3870967741937
TVA,2016,1,20216.99865591398
PACW,2016,1,6041.610215053764
PJM,2016,1,99596.40053763441
EPE,2016,1,861.3467741935484
GVL,2016,1,214.88440860215053
AECI,2016,1,2781.8346774193546
CISO,2016,1,24118.037634408603
CPLE,2016,1,7776.153225806452
LDWP,2016,1,3005.7106325706595
TAL,2016,1,307.5013440860215
FPC,2016,1,5437.350806451613
SRP,2016,1,2871.6397849462364
AVA,2016,1,1637.877688172043
DUK,2016,1,12844.861559139785
IPCO,2016,1,1886.510752688172
SPA,2016,1,84.81989247311827
SC,2016,1,3105.2849462365593
WACM,2016,1,3047.1478494623657
BPAT,2016,1,7052.8494623655915
WAUW,2016,1,101.29454022988506
NWMT,2016,1,1371.342741935484
TEPC,2016,1,1587.100806451613
TIDC,2016,1,252.502688172043
CPLW,2016,1,698.1586021505376
SCL,2016,1,1272.2244623655913
GCPD,2016,1,533.8521505376344
SOCO,2016,1,27954.331989247312
PACE,2016,1,5563.076612903225
PSCO,2016,1,5120.958333333333
WALC,2016,1,950.4986559139785
FPL,2016,1,11978.358870967742
PGE,2016,1,2563.412634408602
HST,2016,1,47.280913978494624
TEC,2016,1,2139.380376344086
SCEG,2016,1,2897.048387096774
NEVP,2016,1,3762.983870967742
AEC,2016,1,572.383064516129
NYIS,2016,1,18310.432795698925
IID,2016,1,266.81451612903226
NSB,2016,1,44.526881720430104
LGEE,2016,1,4550.087365591397
PNM,2016,1,1725.25
SWPP,2016,1,30245.904569892475
TPWR,2016,1,668.2110215053764
FMPP,2016,1,1794.606182795699
JEA,2016,1,1533.241935483871
ISNE,2016,1,14912.774193548386
CHPD,2016,1,280.7741935483871
PSEI,2016,1,3937.3521505376343
PJM,2016,2,95672.4856321839
LDWP,2016,2,3005.5316091954023
PACE,2016,2,4984.244252873563
LGEE,2016,2,4263.403735632184
CISO,2016,2,23538.7795389049
PNM,2016,2,1611.6005747126437
SRP,2016,2,2677.6293103448274
SCL,2016,2,1205.095238095238
PSCO,2016,2,4904.356834532374
TEPC,2016,2,1481.9971264367816
TIDC,2016,2,245.0595238095238
GCPD,2016,2,479.8318965517241
WACM,2016,2,2886.2787356321837
FMPP,2016,2,1773.7758620689656
NWMT,2016,2,1278.7068965517242
DOPD,2016,2,191.18478260869566
IID,2016,2,291.8132183908046
TVA,2016,2,18672.544540229886
WALC,2016,2,845.808908045977
SCEG,2016,2,2756.7830459770116
ISNE,2016,2,14650.5
PGE,2016,2,2357.6324404761904
AECI,2016,2,2398.0560344827586
BPAT,2016,2,6398.068965517241
CHPD,2016,2,237.7471264367816
MISO,2016,2,72616.85057471265
FPC,2016,2,5298.142241379311
IPCO,2016,2,1714.6695402298851
CPLE,2016,2,7313.245689655172
SPA,2016,2,78.62212643678161
SWPP,2016,2,27706.400862068964
JEA,2016,2,1425.7183908045977
BANC,2016,2,1781.8793103448277
SEC,2016,2,134.94683908045977
GVL,2016,2,204.95833333333334
SC,2016,2,2908.1163793103447
AVA,2016,2,1506.5431034482758
EPE,2016,2,815.2658045977012
NEVP,2016,2,3565.477011494253
FPL,2016,2,11937.362068965518
AEC,2016,2,503.2247023809524
HST,2016,2,47.330357142857146
TPWR,2016,2,617.3943452380952
NYIS,2016,2,18174.614942528737
CPLW,2016,2,657.0718390804598
ERCO,2016,2,33858.16954022989
TAL,2016,2,294.9270833333333
PACW,2016,2,2760.287356321839
DUK,2016,2,12240.915229885057
TEC,2016,2,2108.0344827586205
SOCO,2016,2,25971.380747126437
OVEC,2016,2,83.941091954023
NSB,2016,2,43.275707898658716
AZPS,2016,2,2898.4439655172414
WAUW,2016,2,86.28152492668622
PSEI,2016,2,3721.168103448276
PSCO,2016,3,4622.83153638814
DOPD,2016,3,154.72957746478872
GCPD,2016,3,435.6016150740242
CHPD,2016,3,192.0256064690027
FMPP,2016,3,1797.4299191374664
IID,2016,3,324.2678331090175
PSEI,2016,3,3506.8517520215632
PACW,2016,3,10681.184636118598
GVL,2016,3,195.03360215053763
JEA,2016,3,1305.4043126684637
CPLE,2016,3,5860.924731182796
DUK,2016,3,10194.060565275908
AEC,2016,3,417.6576819407008
TVA,2016,3,15591.959623149394
BANC,2016,3,1750.4293405114402
PNM,2016,3,1494.8842530282639
NYIS,2016,3,16588.024258760106
CISO,2016,3,24118.699460916443
SEC,2016,3,126.44669365721997
IPCO,2016,3,1573.4865229110512
TEC,2016,3,2134.266487213997
HST,2016,3,56.09029649595687
SRP,2016,3,2614.7806191117093
SWPP,2016,3,25368.50336473755
SCEG,2016,3,2346.6935483870966
OVEC,2016,3,65.97843665768194
LGEE,2016,3,3654.85598923284
AZPS,2016,3,2817.2086137281294
WALC,2016,3,875.7658142664873
TPWR,2016,3,593.7830188679245
ERCO,2016,3,32730.00808625337
CPLW,2016,3,517.6522911051213
PGE,2016,3,2322.2543741588156
PACE,2016,3,5158.2035040431265
BPAT,2016,3,6198.489905787349
TIDC,2016,3,244.6742934051144
SPA,2016,3,65.57412398921834
EPE,2016,3,778.1345895020188
FPL,2016,3,12731.63795423957
SCL,2016,3,1162.9150943396226
NWMT,2016,3,1224.5309973045821
NSB,2016,3,41.63257065948856
PJM,2016,3,82477.21592442645
TAL,2016,3,267.6096904441454
WACM,2016,3,2708.456258411844
LDWP,2016,3,2988.309973045822
NEVP,2016,3,3449.0174966352624
WAUW,2016,3,78.21212121212122
FPC,2016,3,5176.405660377359
AECI,2016,3,1906.353494623656
SOCO,2016,3,22097.835800807537
MISO,2016,3,66673.00403768507
ISNE,2016,3,13332.858490566037
AVA,2016,3,1396.2113055181696
TEPC,2016,3,1384.8034993270526
SC,2016,3,2422.3247978436657
PNM,2016,4,1459.3138888888889
NEVP,2016,4,3452.2194444444444
OVEC,2016,4,64.62638888888888
IPCO,2016,4,1627.6194444444445
SCEG,2016,4,2371.240277777778
WACM,2016,4,2605.4861111111113
SCL,2016,4,1032.1163793103449
FPC,2016,4,5441.916666666667
SWPP,2016,4,24984.104166666668
PACE,2016,4,4637.926388888889
TIDC,2016,4,256.0632183908046
GVL,2016,4,205.89224137931035
LGEE,2016,4,3599.198611111111
SC,2016,4,2359.3819444444443
CPLW,2016,4,488.43333333333334
AEC,2016,4,416.764367816092
SOCO,2016,4,21734.481944444444
ISNE,2016,4,12647.922222222222
NYIS,2016,4,16051.765277777778
TEPC,2016,4,1442.0180555555555
PJM,2016,4,79679.97361111111
TVA,2016,4,15430.354166666666
NSB,2016,4,42.52729885057471
AZPS,2016,4,2905.847222222222
CISO,2016,4,24270.491666666665
DOPD,2016,4,127.83358320839581
FMPP,2016,4,1879.025069637883
PGE,2016,4,2120.396551724138
IID,2016,4,353.5652777777778
TPWR,2016,4,504.04454022988506
CHPD,2016,4,141.76388888888889
TEC,2016,4,2252.025
SPA,2016,4,62.22638888888889
ERCO,2016,4,34806.78611111111
GCPD,2016,4,492.8666666666667
TAL,2016,4,279.0991379310345
WALC,2016,4,1021.4472222222222
FPL,2016,4,13306.608333333334
SRP,2016,4,2768.4347222222223
PACW,2016,4,2037.0861111111112
PSCO,2016,4,4453.766666666666
EPE,2016,4,813.8916666666667
MISO,2016,4,65468.748611111114
JEA,2016,4,1338.8291666666667
CPLE,2016,4,5740.413888888889
PSEI,2016,4,2994.6402777777776
LDWP,2016,4,3022.8069444444445
AECI,2016,4,1725.925
NWMT,2016,4,1144.4388888888889
WAUW,2016,4,74.14406779661017
BANC,2016,4,1716.6125
DUK,2016,4,10164.031944444445
SEC,2016,4,130.55694444444444
HST,2016,4,59.59626436781609
AVA,2016,4,1098.3777777777777
BPAT,2016,4,5703.320833333333
WACM,2016,5,2515.2137096774195
SC,2016,5,2580.3185483870966
GVL,2016,5,235.01436781609195
FPL,2016,5,14747.217741935483
AZPS,2016,5,3267.319892473118
IPCO,2016,5,1838.1975806451612
CISO,2016,5,24927.655913978495
CHPD,2016,5,144.00806451612902
LGEE,2016,5,3640.9650537634407
AEC,2016,5,484.2442528735632
SCEG,2016,5,2626.4556451612902
DOPD,2016,5,141.92942942942943
JEA,2016,5,1552.7620967741937
SOCO,2016,5,24804.270161290322
TAL,2016,5,316.6192528735632
IID,2016,5,401.8252688172043
SEC,2016,5,147.96908602150538
PACE,2016,5,4801.30376344086
HST,2016,5,65.59482758620689
BPAT,2016,5,5702.587365591397
NEVP,2016,5,3766.9596774193546
ISNE,2016,5,12732.059379217273
FPC,2016,5,6262.1196236559135
PJM,2016,5,80579.81317204301
CPLE,2016,5,6079.009408602151
FMPP,2016,5,2124.702156334232
ERCO,2016,5,38380.4811827957
SCL,2016,5,1012.3505747126437
AVA,2016,5,1094.7567204301076
TPWR,2016,5,480.42528735632186
NYIS,2016,5,16508.994623655915
TEPC,2016,5,1659.2540322580646
PACW,2016,5,2064.3333333333335
SPA,2016,5,64.66129032258064
DUK,2016,5,10609.064516129032
SWPP,2016,5,25933.549731182797
GCPD,2016,5,528.0470430107526
MISO,2016,5,67900.47177419355
CPLW,2016,5,480.2795698924731
PNM,2016,5,1501.2620967741937
PGE,2016,5,2097.7183908045977
OVEC,2016,5,65.73924731182795
NWMT,2016,5,1130.842741935484
SRP,2016,5,3167.787634408602
AECI,2016,5,1732.733870967742
TEC,2016,5,2503.771505376344
PSCO,2016,5,4400.711021505376
NSB,2016,5,48.80833333333333
PSEI,2016,5,2755.8830645161293
TVA,2016,5,16253.958333333334
BANC,2016,5,1880.8521505376343
TIDC,2016,5,295.82902298850576
WALC,2016,5,1102.0040322580646
EPE,2016,5,924.3158602150538
LDWP,2016,5,2963.3844086021504
WAUW,2016,5,73.72177419354838
SC,2016,6,3178.648611111111
IPCO,2016,6,2522.704166666667
GCPD,2016,6,605.6541666666667
WALC,2016,6,1191.3638888888888
CPLW,2016,6,565.2277777777778
NYIS,2016,6,19009.14861111111
LDWP,2016,6,3558.009722222222
BANC,2016,6,2305.5
AVA,2016,6,1159.0458333333333
ISNE,2016,6,14218.5375
PACW,2016,6,2299.4513888888887
PSCO,2016,6,5365.934722222222
CPLE,2016,6,7627.633333333333
NEVP,2016,6,5240.001388888889
AZPS,2016,6,4720.113888888889
BPAT,2016,6,5943.805555555556
SRP,2016,6,4437.215277777777
TPWR,2016,6,482.6486111111111
PSEI,2016,6,3006.813888888889
PNM,2016,6,1835.2958333333333
EPE,2016,6,1196.4819444444445
WAUW,2016,6,98.42420027816412
SPA,2016,6,81.45416666666667
SWPP,2016,6,34011.85972222222
TEPC,2016,6,2065.0333333333333
WACM,2016,6,2935.0890937019967
PACE,2016,6,5509.288888888889
IID,2016,6,585.3027777777778
AECI,2016,6,2489.4125
NWMT,2016,6,1255.6708333333333
JEA,2016,6,1825.5861111111112
ERCO,2016,6,46291.5875
TAL,2016,6,372.2291666666667
CHPD,2016,6,159.29444444444445
MISO,2016,6,81500.75487465182
OVEC,2016,6,82.20555555555555
HST,2016,6,72.57638888888889
PJM,2016,6,95734.51944444445
TIDC,2016,6,369.68055555555554
SOCO,2016,6,31560.15
LGEE,2016,6,4592.094444444445
CISO,2016,6,29453.519444444446
SEC,2016,6,181.025
TEC,2016,6,2884.358333333333
TVA,2016,6,20399.454166666666
DUK,2016,6,13255.777777777777
FPL,2016,6,16650.809523809523
FMPP,2016,6,2437.816411682893
FPC,2016,6,7353.304166666667
DOPD,2016,6,156.38171262699564
AEC,2016,6,593.0097222222222
SCL,2016,6,1015.9972222222223
NSB,2016,6,60.047222222222224
PGE,2016,6,2234.2430555555557
SCEG,2016,6,3230.648611111111
GVL,2016,6,282.45416666666665
HST,2016,7,76.81854838709677
FMPP,2016,7,2576.3024193548385
DOPD,2016,7,164.49157303370785
OVEC,2016,7,91.6522911051213
IPCO,2016,7,2570.168010752688
WACM,2016,7,3256.146505376344
AZPS,2016,7,5082.7338709677415
PACE,2016,7,6062.603494623656
IID,2016,7,635.513440860215
SRP,2016,7,4782.068548387097
PACW,2016,7,2250.8279569892475
SCL,2016,7,1007.0846774193549
WALC,2016,7,1217.0497311827958
PGE,2016,7,2238.5913978494623
SOCO,2016,7,33401.51612903226
CPLE,2016,7,8692.366576819408
SPA,2016,7,81.06048387096774
NYIS,2016,7,22155.99865591398
LGEE,2016,7,4743.395411605938
PSCO,2016,7,5805.227150537635
NWMT,2016,7,1322.6881720430108
FPC,2016,7,4981.8625336927225
JEA,2016,7,1940.1317204301076
TIDC,2016,7,389.93548387096774
PJM,2016,7,107426.50537634408
PSEI,2016,7,3156.8897849462364
TAL,2016,7,386.4516129032258
SC,2016,7,3532.411051212938
SEC,2016,7,195.42607526881721
SWPP,2016,7,36674.01075268817
BANC,2016,7,2433.5510752688174
TVA,2016,7,21513.557354925775
PNM,2016,7,1970.9852150537633
TPWR,2016,7,474.119623655914
TEC,2016,7,3000.3252688172042
ISNE,2016,7,16832.02822580645
ERCO,2016,7,51403.19623655914
LDWP,2016,7,3856.3655913978496
MISO,2016,7,86102.98387096774
FPL,2016,7,17682.766846361184
TEPC,2016,7,2219.27688172043
EPE,2016,7,1308.5537634408602
SCEG,2016,7,3521.7708894878706
BPAT,2016,7,5941.788978494624
NSB,2016,7,69.1236559139785
WAUW,2016,7,105.9771197846568
CISO,2016,7,31377.31989247312
CHPD,2016,7,164.86290322580646
GVL,2016,7,300.0389784946237
AVA,2016,7,1173.97311827957
AECI,2016,7,2643.9973118279568
DUK,2016,7,14395.927223719676
NEVP,2016,7,5616.080645161291
GCPD,2016,7,624.0739247311828
CPLW,2016,7,601.0619946091645
AEC,2016,7,627.7647849462365
WACM,2016,8,3076.2916666666665
IID,2016,8,631.0389784946236
WALC,2016,8,1095.5725806451612
PACE,2016,8,5760.264784946236
SC,2016,8,3360.2782258064517
CISO,2016,8,31116.90322580645
PACW,2016,8,2475.9381720430106
CPLW,2016,8,598.5188172043011
LDWP,2016,8,3803.260752688172
EPE,2016,8,1164.2002688172042
TAL,2016,8,390.1989247311828
AVA,2016,8,1242.6895161290322
SRP,2016,8,4431.176075268817
MISO,2016,8,86017.78897849462
PGE,2016,8,2405.1048387096776
JEA,2016,8,1865.399193548387
TEC,2016,8,2936.0241935483873
NYIS,2016,8,22800.90053763441
AEC,2016,8,624.8400537634409
GVL,2016,8,288.4959677419355
DUK,2016,8,14276.880376344086
TEPC,2016,8,2035.654569892473
CHPD,2016,8,176.7768817204301
TPWR,2016,8,486.877688172043
DOPD,2016,8,174.328190743338
AZPS,2016,8,4646.057795698925
PSEI,2016,8,3262.9704301075267
NSB,2016,8,62.971774193548384
SCEG,2016,8,3429.8413978494623
AECI,2016,8,2497.864247311828
ISNE,2016,8,17187.244623655915
NEVP,2016,8,5357.100806451613
SWPP,2016,8,35403.23789764869
NWMT,2016,8,1285.5497311827958
SCL,2016,8,1023.7513440860215
SEC,2016,8,188.26478494623655
TIDC,2016,8,381.4005376344086
IPCO,2016,8,2455.842741935484
GCPD,2016,8,648.641129032258
WAUW,2016,8,93.77284946236558
SPA,2016,8,79.50537634408602
OVEC,2016,8,92.6760752688172
FPL,2016,8,17021.38172043011
PNM,2016,8,1771.5994623655913
SOCO,2016,8,33018.92204301075
LGEE,2016,8,4928.305107526881
BANC,2016,8,2375.2217741935483
CPLE,2016,8,8647.15994623656
HST,2016,8,75.6747311827957
ERCO,2016,8,49096.00403225807
PSCO,2016,8,5336.139784946236
TVA,2016,8,21566.513440860213
FPC,2016,8,7421.586021505376
PJM,2016,8,110609.1438172043
BPAT,2016,8,6025.64247311828
FMPP,2016,8,2489.423387096774
PGE,2016,9,2120.0319444444444
AECI,2016,9,2192.3194444444443
TPWR,2016,9,470.4194444444444
BANC,2016,9,2165.1652777777776
FPL,2016,9,16249.75175315568
WAUW,2016,9,76.28133704735376
PSCO,2016,9,4809.734722222222
WWA,2016,9,0.0
SCL,2016,9,977.3944444444444
TEPC,2016,9,1791.2291666666667
GVL,2016,9,273.83194444444445
FMPP,2016,9,2374.5125
CPLE,2016,9,7341.375
GCPD,2016,9,539.3361111111111
CISO,2016,9,28377.025174825176
ISNE,2016,9,14318.193055555555
SC,2016,9,2924.920833333333
NSB,2016,9,56.3
SEC,2016,9,161.99722222222223
LDWP,2016,9,3566.863888888889
WALC,2016,9,1068.9430555555555
PACE,2016,9,5346.1819444444445
PACW,2016,9,2076.2819444444444
JEA,2016,9,1703.8875
SPA,2016,9,73.49027777777778
TAL,2016,9,345.1777777777778
FPC,2016,9,6978.272222222222
HST,2016,9,72.32222222222222
IPCO,2016,9,1752.7890961262553
EPE,2016,9,1057.1652777777779
PSEI,2016,9,3106.651388888889
CHPD,2016,9,156.48611111111111
SCEG,2016,9,3016.5333333333333
PNM,2016,9,1629.2597222222223
NEVP,2016,9,4455.745833333333
OVEC,2016,9,90.69722222222222
LGEE,2016,9,4354.084722222222
SOCO,2016,9,30222.406944444443
DUK,2016,9,12717.91111111111
IID,2016,9,482.4291666666667
BPAT,2016,9,5461.4125
SRP,2016,9,3800.115277777778
CPLW,2016,9,545.6166666666667
DOPD,2016,9,148.01306240928884
AEC,2016,9,582.1527777777778
MISO,2016,9,76959.99166666667
SWPP,2016,9,30265.71111111111
AVA,2016,9,1144.2486111111111
NYIS,2016,9,19142.098611111112
TVA,2016,9,19494.2
AZPS,2016,9,3982.4527777777776
TEC,2016,9,2850.909722222222
WACM,2016,9,2723.2277777777776
TIDC,2016,9,336.8902777777778
NWMT,2016,9,1180.1138888888888
ERCO,2016,9,45912.67222222222
PJM,2016,9,94131.01388888889
AECI,2016,10,1778.733870967742
CPLE,2016,10,5702.262096774193
LDWP,2016,10,3140.75
GVL,2016,10,223.5013440860215
GCPD,2016,10,505.5443548387097
WALC,2016,10,927.4462365591398
BPAT,2016,10,5558.346774193548
NSB,2016,10,44.344086021505376
PACW,2016,10,5692.807795698925
CISO,2016,10,25307.63526244953
NWMT,2016,10,1173.7970430107528
SCL,2016,10,1049.4448924731182
HST,2016,10,63.92607526881721
IPCO,2016,10,1500.9569892473119
ISNE,2016,10,12664.618279569893
ERCO,2016,10,39292.36424731183
OVEC,2016,10,66.54569892473118
IID,2016,10,402.0981182795699
WACM,2016,10,2558.1182795698924
PNM,2016,10,1489.0524193548388
FMPP,2016,10,2005.3266129032259
MISO,2016,10,68269.19892473119
NEVP,2016,10,3794.8723118279568
TAL,2016,10,305.8037634408602
CPLW,2016,10,483.39247311827955
PACE,2016,10,4873.833333333333
SOCO,2016,10,24257.80376344086
SCEG,2016,10,2384.7620967741937
TPWR,2016,10,517.5887096774194
DOPD,2016,10,143.68820224719101
FPL,2016,10,14220.506720430107
LGEE,2016,10,3580.9556451612902
AVA,2016,10,1262.6720430107528
AZPS,2016,10,3424.3454301075267
NYIS,2016,10,16242.680107526881
PSEI,2016,10,3266.2903225806454
PSCO,2016,10,4455.231182795699
AEC,2016,10,459.4180107526882
FPC,2016,10,5836.568548387097
TEC,2016,10,2444.1075268817203
DUK,2016,10,10173.122311827958
WAUW,2016,10,74.2328398384926
BANC,2016,10,1793.505376344086
SPA,2016,10,63.884408602150536
PJM,2016,10,78765.15994623656
SRP,2016,10,3249.0672043010754
TIDC,2016,10,252.29435483870967
CHPD,2016,10,167.79032258064515
SC,2016,10,2307.9166666666665
TEPC,2016,10,1629.241935483871
PGE,2016,10,2156.2473118279568
JEA,2016,10,1369.0887096774193
SEC,2016,10,121.37903225806451
EPE,2016,10,909.366935483871
TVA,2016,10,15799.978494623656
SWPP,2016,10,26436.087365591397
GVL,2016,11,192.55632823365787
JEA,2016,11,1240.7430555555557
GCPD,2016,11,492.5097222222222
CPLE,2016,11,6126.301388888889
ISNE,2016,11,13170.420833333334
PSCO,2016,11,4613.8694444444445
SPA,2016,11,61.96111111111111
IID,2016,11,324.1922005571031
FPL,2016,11,12222.43888888889
SCL,2016,11,1117.6180555555557
AECI,2016,11,1940.8805555555555
AVA,2016,11,1412.5791666666667
PACW,2016,11,3549.8444444444444
OVEC,2016,11,74.60724233983287
PJM,2016,11,82470.60306406685
NWMT,2016,11,1241.8555555555556
WACM,2016,11,2726.7232267037552
SEC,2016,11,93.82783357245337
FPC,2016,11,4960.548611111111
TAL,2016,11,267.1625
PACE,2016,11,5042.020833333333
CHPD,2016,11,192.1638888888889
SC,2016,11,2484.794835007174
PGE,2016,11,2266.4083333333333
LGEE,2016,11,3619.52016689847
BPAT,2016,11,5985.233333333334
HST,2016,11,53.855555555555554
SWPP,2016,11,26001.856938483546
MISO,2016,11,67179.96801112656
FMPP,2016,11,1738.5730659025787
CPLW,2016,11,537.2972222222222
IPCO,2016,11,1575.3277777777778
TIDC,2016,11,253.8138888888889
DUK,2016,11,10465.458333333334
TEC,2016,11,2065.7291666666665
WAUW,2016,11,83.40555555555555
PSEI,2016,11,3567.758333333333
TEPC,2016,11,1439.0945757997217
WALC,2016,11,851.8108484005563
EPE,2016,11,802.8915159944368
BANC,2016,11,1781.2916666666667
CISO,2016,11,24200.57880055788
AZPS,2016,11,2913.2100840336134
NSB,2016,11,39.21666666666667
AEC,2016,11,437.34583333333336
LDWP,2016,11,3095.948350071736
NEVP,2016,11,3494.5333333333333
SCEG,2016,11,2445.9513888888887
ERCO,2016,11,34046.620833333334
NYIS,2016,11,16568.92777777778
PNM,2016,11,1520.5618915159944
SOCO,2016,11,23190.152777777777
DOPD,2016,11,155.71075581395348
SRP,2016,11,2666.4645340751044
TPWR,2016,11,566.4958333333333
TVA,2016,11,15884.808333333332
FPL,2016,12,13049.471063257066
BPAT,2016,12,7728.2970430107525
NYIS,2016,12,18034.190860215054
TEPC,2016,12,1492.3360215053763
CHPD,2016,12,311.4166666666667
CPLE,2016,12,7053.3549723756905
PNM,2016,12,1673.4905913978494
NSB,2016,12,38.666666666666664
CISO,2016,12,24760.567204301075
BANC,2016,12,1970.752688172043
GVL,2016,12,193.06182795698925
NEVP,2016,12,3789.755376344086
HST,2016,12,57.61021505376344
NWMT,2016,12,1488.340053763441
AZPS,2016,12,3031.3024193548385
AECI,2016,12,2724.2258064516127
IPCO,2016,12,2048.0470430107525
TEC,2016,12,2133.2352150537636
ISNE,2016,12,14805.15994623656
JEA,2016,12,1290.1639784946237
SOCO,2016,12,25375.68817204301
SEC,2016,12,109.64150943396227
TIDC,2016,12,261.31317204301075
ERCO,2016,12,37256.57681940701
DUK,2016,12,11704.028263795424
WAUW,2016,12,111.51682368775235
WALC,2016,12,805.8394062078272
TVA,2016,12,18501.793800539082
OVEC,2016,12,98.4993270524899
EPE,2016,12,834.9716216216216
PACW,2016,12,3309.7293640054127
SPA,2016,12,72.93951612903226
SRP,2016,12,2753.787634408602
PACE,2016,12,5519.262162162162
LGEE,2016,12,4231.2970430107525
DOPD,2016,12,249.27528089887642
PJM,2016,12,95426.50940860216
SCEG,2016,12,2605.0887096774195
PSCO,2016,12,5273.641891891892
PSEI,2016,12,4242.746955345061
LDWP,2016,12,3057.190860215054
AEC,2016,12,482.0833333333333
FPC,2016,12,5130.034946236559
PGE,2016,12,2761.2459677419356
CPLW,2016,12,617.6908602150538
IID,2016,12,306.5800273597811
GCPD,2016,12,592.8753462603878
SCL,2016,12,1258.8016194331983
SC,2016,12,2776.353494623656
MISO,2016,12,76045.51020408163
TAL,2016,12,270.14784946236557
SWPP,2016,12,30206.350806451614
TPWR,2016,12,714.4153225806451
FMPP,2016,12,1802.8293010752689
AVA,2016,12,1781.899193548387
WACM,2016,12,3124.327935222672
SCEG,2017,1,2575.342318059299
CHPD,2017,1,345.5281690140845
TPWR,2017,1,720.6416666666667
DUK,2017,1,11779.737196765498
SOCO,2017,1,25194.979838709678
FMPP,2017,1,1755.6780626780626
WACM,2017,1,3124.1975806451615
CISO,2017,1,25050.853856562924
BANC,2017,1,1977.8056737588652
SEC,2017,1,9.108262108262108
SCL,2017,1,1388.5680555555555
AEC,2017,1,489.12916666666666
NWMT,2017,1,1493.9544198895028
AVA,2017,1,1846.4583333333333
SC,2017,1,2659.0846774193546
SPA,2017,1,76.01612903225806
WAUW,2017,1,110.27822580645162
PACE,2017,1,5764.103494623656
HST,2017,1,49.77777777777778
PNM,2017,1,1597.2334254143645
TEC,2017,1,2152.8306451612902
SWPP,2017,1,29725.524893314367
PSCO,2017,1,5218.748655913979
DOPD,2017,1,267.7594202898551
TEPC,2017,1,1569.5227272727273
FPC,2017,1,5228.971698113208
BPAT,2017,1,8079.13475177305
NYIS,2017,1,17944.590296495957
PJM,2017,1,94988.04435483871
EPE,2017,1,800.1385714285715
OVEC,2017,1,101.58411843876178
PSEI,2017,1,4299.69623655914
TVA,2017,1,17845.891428571427
CPLW,2017,1,616.1693548387096
FPL,2017,1,12154.970430107527
TAL,2017,1,285.4555555555556
IID,2017,1,291.73333333333335
WALC,2017,1,863.1599462365591
CPLE,2017,1,7035.106182795699
SRP,2017,1,2810.5582386363635
JEA,2017,1,1330.755376344086
PACW,2017,1,2882.766129032258
ERCO,2017,1,36698.92037786775
TIDC,2017,1,262.9
GVL,2017,1,200.18194444444444
AZPS,2017,1,3105.6472972972974
LDWP,2017,1,3090.7718309859156
AECI,2017,1,2608.0134408602153
MISO,2017,1,74724.36499321574
PGE,2017,1,2887.3805555555555
NEVP,2017,1,3776.1182795698924
IPCO,2017,1,2119.7063829787235
LGEE,2017,1,4149.897435897436
ISNE,2017,1,14513.84659090909
GCPD,2017,1,636.3163120567376
NSB,2017,1,41.172222222222224
AECI,2017,2,2149.7053571428573
SOCO,2017,2,23472.60119047619
NYIS,2017,2,17401.341049382718
CPLE,2017,2,6248.135384615384
WAUW,2017,2,100.33128834355828
NEVP,2017,2,3563.7044410413478
BPAT,2017,2,7230.052388289677
AVA,2017,2,1669.604900459418
ERCO,2017,2,34122.38556067588
PNM,2017,2,1482.7098214285713
AEC,2017,2,433.8690476190476
LGEE,2017,2,3839.998449612403
SPA,2017,2,69.11309523809524
JEA,2017,2,1241.6415384615384
FMPP,2017,2,1711.8575712143927
PGE,2017,2,2609.7723214285716
MISO,2017,2,69908.06163328198
SRP,2017,2,2631.9101796407185
FPC,2017,2,4986.784615384616
FPL,2017,2,12266.932307692308
SEC,2017,2,26048.857585139318
BANC,2017,2,1886.5593220338983
PACE,2017,2,5381.429447852761
SC,2017,2,2463.0193452380954
CPLW,2017,2,575.103076923077
TIDC,2017,2,252.23363095238096
OVEC,2017,2,92.64560862865947
CHPD,2017,2,296.1171032357473
AZPS,2017,2,2883.7990797546013
PSEI,2017,2,4095.49617151608
TVA,2017,2,16361.403426791278
SCEG,2017,2,2381.143076923077
SCL,2017,2,1327.5669642857142
EPE,2017,2,793.4046511627907
DOPD,2017,2,230.90965732087227
PACW,2017,2,2630.335375191424
NWMT,2017,2,1373.8450920245398
DUK,2017,2,10750.183076923076
TAL,2017,2,270.4077380952381
IPCO,2017,2,1795.8875192604007
ISNE,2017,2,14073.247678018575
HST,2017,2,52.336309523809526
WALC,2017,2,689.1365030674847
IID,2017,2,292.64285714285717
SWPP,2017,2,27028.301435406698
TEC,2017,2,2099.64
LDWP,2017,2,3000.2003081664097
TEPC,2017,2,1474.0973053892214
WACM,2017,2,3058.0398773006136
PJM,2017,2,88660.57846153846
GVL,2017,2,190.36458333333334
GCPD,2017,2,569.8335901386749
CISO,2017,2,24133.664624808574
TPWR,2017,2,677.6845238095239
NSB,2017,2,39.413690476190474
PSCO,2017,2,4867.0966257668715
SC,2017,3,2580.7254374158815
CISO,2017,3,23264.056603773584
TAL,2017,3,280.8153638814016
HST,2017,3,52.93800539083558
TPWR,2017,3,625.7819650067295
AECI,2017,3,2023.271505376344
PACW,2017,3,2355.3719676549867
WAUW,2017,3,92.49730458221025
EPE,2017,3,800.7308209959623
SRP,2017,3,2739.6944818304173
SEC,2017,3,118.72506738544475
LGEE,2017,3,3792.2126514131896
AEC,2017,3,446.633423180593
CPLW,2017,3,575.8504043126685
DOPD,2017,3,173.9676056338028
TEC,2017,3,2142.640161725067
BANC,2017,3,1793.1064690026953
GVL,2017,3,195.27358490566039
ISNE,2017,3,14072.596231493944
WACM,2017,3,2825.4320323014804
PSCO,2017,3,4662.21938088829
FPC,2017,3,5232.974393530997
WALC,2017,3,978.2637954239569
SCL,2017,3,1223.711590296496
SCEG,2017,3,2467.2970430107525
TEPC,2017,3,1432.9125168236878
OVEC,2017,3,90.54569892473118
JEA,2017,3,1286.3086253369272
PNM,2017,3,1421.2755376344087
LDWP,2017,3,3050.090296495957
PJM,2017,3,88474.30727762803
SWPP,2017,3,26454.14804845222
ERCO,2017,3,34952.92059219381
BPAT,2017,3,6515.329744279946
NEVP,2017,3,3506.041778975741
NYIS,2017,3,17490.768506056527
TIDC,2017,3,250.93800539083557
SPA,2017,3,68.59757738896366
PGE,2017,3,2393.220726783311
DUK,2017,3,10907.53638814016
AZPS,2017,3,2864.1520861372815
CPLE,2017,3,6415.057951482479
GCPD,2017,3,498.3593539703903
TVA,2017,3,16357.748317631225
NWMT,2017,3,1247.1819407008086
MISO,2017,3,69503.06460296096
FPL,2017,3,12560.028301886792
IPCO,2017,3,1552.2762803234502
AVA,2017,3,1481.1884253028263
SOCO,2017,3,23958.27628032345
PACE,2017,3,5321.445491251682
NSB,2017,3,41.905660377358494
IID,2017,3,338.28936742934053
FMPP,2017,3,1796.557200538358
CHPD,2017,3,223.11962365591398
PSEI,2017,3,3622.748317631225
JEA,2017,4,1375.6314325452017
FMPP,2017,4,1993.8958333333333
ERCO,2017,4,36258.47638888889
WALC,2017,4,1081.4388888888889
EPE,2017,4,844.6333333333333
SRP,2017,4,2870.061111111111
WAUW,2017,4,80.13888888888889
LDWP,2017,4,3001.9777777777776
TIDC,2017,4,251.01388888888889
BANC,2017,4,1774.5333333333333
ISNE,2017,4,12273.011111111111
FPC,2017,4,5847.608391608392
PJM,2017,4,78333.98888888888
CHPD,2017,4,164.325
TPWR,2017,4,551.2625
IID,2017,4,376.6306179775281
SPA,2017,4,63.50694444444444
SCEG,2017,4,2489.0680555555555
TEPC,2017,4,1469.7194444444444
LGEE,2017,4,3567.3
FPL,2017,4,13722.997218358832
DUK,2017,4,10240.872222222222
AVA,2017,4,1275.8694444444445
SEC,2017,4,69301.27361111112
TVA,2017,4,15646.638888888889
NWMT,2017,4,1168.6166666666666
PSCO,2017,4,4477.245467224547
MISO,2017,4,65866.45340751043
PACW,2017,4,2135.5677966101694
DOPD,2017,4,134.1917024320458
NEVP,2017,4,3510.2527777777777
CPLW,2017,4,491.54305555555555
SOCO,2017,4,24162.555555555555
PACE,2017,4,5029.576011157601
PNM,2017,4,1410.7680555555555
PGE,2017,4,2217.804166666667
OVEC,2017,4,68.69722222222222
NSB,2017,4,46.86944444444445
SC,2017,4,2467.4375
TEC,2017,4,2433.8430555555556
GCPD,2017,4,482.27916666666664
BPAT,2017,4,6023.4111111111115
AECI,2017,4,1783.9486111111112
WACM,2017,4,2719.4513888888887
HST,2017,4,59.977777777777774
TAL,2017,4,299.8861111111111
NYIS,2017,4,15689.259722222223
IPCO,2017,4,1458.6541666666667
SWPP,2017,4,25488.89861111111
SCL,2017,4,1104.9722222222222
CPLE,2017,4,5925.406944444445
AEC,2017,4,447.77222222222224
AZPS,2017,4,2949.4958333333334
CISO,2017,4,23291.31293463143
PSEI,2017,4,3153.830508474576
GVL,2017,4,218.13194444444446
WACM,2017,5,2681.6599462365593
TAL,2017,5,325.9301075268817
NSB,2017,5,52.130376344086024
TEPC,2017,5,1604.7930107526881
GVL,2017,5,245.2741935483871
WAUW,2017,5,80.04704301075269
ISNE,2017,5,12316.48252688172
OVEC,2017,5,65.85887096774194
LDWP,2017,5,3128.453296703297
SOCO,2017,5,25884.293010752688
AZPS,2017,5,3378.2002688172042
SEC,2017,5,283.78620689655173
PGE,2017,5,2167.6922043010754
AEC,2017,5,492.5739247311828
WALC,2017,5,1207.978494623656
BPAT,2017,5,5783.497311827957
AVA,2017,5,1132.0793010752689
IPCO,2017,5,1791.483870967742
CISO,2017,5,25031.909581646425
SWPP,2017,5,26797.43526170799
ERCO,2017,5,40400.80779569892
IID,2017,5,435.6202702702703
MISO,2017,5,68456.3373655914
PJM,2017,5,80325.77016129032
SCEG,2017,5,2738.8561827956987
TEC,2017,5,2692.287634408602
PSCO,2017,5,4498.40620782726
DUK,2017,5,11065.196236559139
BANC,2017,5,1988.4771505376343
CPLW,2017,5,505.8037634408602
SRP,2017,5,3354.331989247312
EPE,2017,5,939.633064516129
JEA,2017,5,1548.2139973082099
GCPD,2017,5,528.5416666666666
NWMT,2017,5,1119.341127922971
FPL,2017,5,15538.432795698925
PNM,2017,5,1442.8870967741937
TIDC,2017,5,306.4690860215054
CHPD,2017,5,147.33064516129033
NYIS,2017,5,15956.896505376344
TPWR,2017,5,497.877688172043
PSEI,2017,5,2970.8333333333335
TVA,2017,5,16817.30376344086
PACE,2017,5,5140.39247311828
HST,2017,5,69.27150537634408
CPLE,2017,5,6484.5161290322585
NEVP,2017,5,4000.6075268817203
AECI,2017,5,1844.6666666666667
DOPD,2017,5,131.27628032345012
SC,2017,5,2621.635262449529
SPA,2017,5,71.05913978494624
LGEE,2017,5,3776.5006802721086
PACW,2017,5,2029.5148648648649
FMPP,2017,5,2231.092541436464
FPC,2017,5,6593.0994623655915
SCL,2017,5,1031.7002688172042
IID,2017,6,581.725
OVEC,2017,6,82.77222222222223
AVA,2017,6,1145.4388888888889
NEVP,2017,6,5289.069444444444
HST,2017,6,72.18333333333334
SCL,2017,6,1002.6458333333334
TAL,2017,6,349.84722222222223
SWPP,2017,6,33005.888252148994
PGE,2017,6,2213.865277777778
MISO,2017,6,78992.22315202231
BANC,2017,6,2458.5569444444445
NYIS,2017,6,18862.920833333334
ISNE,2017,6,14252.211111111112
TVA,2017,6,18932.4625
WACM,2017,6,3041.6583333333333
WALC,2017,6,1312.6305555555555
SPA,2017,6,76.36944444444444
TIDC,2017,6,370.10555555555555
SOCO,2017,6,28688.86388888889
JEA,2017,6,1653.8052851182197
FPL,2017,6,15913.984722222222
EPE,2017,6,1218.0277777777778
PSEI,2017,6,2910.8958333333335
TPWR,2017,6,473.93055555555554
AZPS,2017,6,4530.472222222223
SC,2017,6,2991.8597222222224
GVL,2017,6,258.4916666666667
AECI,2017,6,2345.061111111111
CHPD,2017,6,156.8486111111111
SEC,2017,6,-28.652797704447632
WAUW,2017,6,101.37083333333334
PNM,2017,6,1757.5430555555556
TEC,2017,6,2742.475
AEC,2017,6,540.4458333333333
LGEE,2017,6,4304.413888888889
NWMT,2017,6,1233.486409155937
ERCO,2017,6,47139.35277777778
DUK,2017,6,12580.665277777778
PACE,2017,6,3066.1375
CPLE,2017,6,7461.176388888889
BPAT,2017,6,6066.216666666666
SCEG,2017,6,3060.5583333333334
IPCO,2017,6,2270.3
PACW,2017,6,2288.188888888889
SRP,2017,6,4451.419444444445
FMPP,2017,6,2295.1406025824963
DOPD,2017,6,152.05146036161335
LDWP,2017,6,3523.8542857142857
TEPC,2017,6,2090.473611111111
NSB,2017,6,55.706944444444446
CISO,2017,6,28650.061281337046
GCPD,2017,6,627.1944444444445
PSCO,2017,6,5286.251046025104
FPC,2017,6,6792.261111111111
CPLW,2017,6,543.3208333333333
PJM,2017,6,95037.78611111111
ISNE,2017,7,15460.043010752688
AEC,2017,7,618.4852150537635
IPCO,2017,7,2699.9475806451615
TVA,2017,7,-113083.76747311828
PNM,2017,7,1859.7862903225807
LDWP,2017,7,3973.4220430107525
PGE,2017,7,2322.435483870968
JEA,2017,7,1823.6612903225807
FPL,2017,7,17200.334677419356
NSB,2017,7,64.41935483870968
SOCO,2017,7,31789.573924731183
DOPD,2017,7,183.52695417789758
SEC,2017,7,197.1505376344086
PJM,2017,7,103828.91935483871
CPLE,2017,7,8434.947580645161
IID,2017,7,652.9905913978495
BANC,2017,7,2691.2110215053763
PSEI,2017,7,3201.7647849462364
HST,2017,7,77.00680272108843
FMPP,2017,7,2467.3185483870966
AECI,2017,7,2785.6720430107525
NWMT,2017,7,1436.3575268817203
CISO,2017,7,31660.878706199463
SPA,2017,7,80.56989247311827
SWPP,2017,7,36912.26747311828
GVL,2017,7,280.60483870967744
DUK,2017,7,13957.93817204301
EPE,2017,7,1200.215053763441
TIDC,2017,7,414.5806451612903
SCEG,2017,7,3306.706989247312
WAUW,2017,7,124.69086021505376
NEVP,2017,7,5843.462365591397
CHPD,2017,7,180.50537634408602
LGEE,2017,7,4689.115591397849
PACE,2017,7,6545.243279569892
PACW,2017,7,2397.1989247311826
TAL,2017,7,382.2970430107527
MISO,2017,7,85791.06720430107
SCL,2017,7,1002.241935483871
AZPS,2017,7,4845.2338709677415
PSCO,2017,7,5718.034946236559
BPAT,2017,7,6286.701612903225
TEC,2017,7,2893.3225806451615
NYIS,2017,7,20715.926075268817
WACM,2017,7,3388.2943548387098
AVA,2017,7,1295.858870967742
SC,2017,7,3316.6491935483873
FPC,2017,7,7335.884408602151
TPWR,2017,7,477.7043010752688
OVEC,2017,7,94.46774193548387
CPLW,2017,7,600.2513440860215
TEPC,2017,7,2095.5779569892475
GCPD,2017,7,686.1706989247311
ERCO,2017,7,51618.4879032258
WALC,2017,7,1313.09811827957
SRP,2017,7,5064.841397849463
SEC,2017,8,350.41129032258067
CISO,2017,8,31618.65275908479
LDWP,2017,8,3907.6868279569894
FMPP,2017,8,2533.5255376344085
NYIS,2017,8,19898.07123655914
NWMT,2017,8,1360.0833333333333
TAL,2017,8,391.71505376344084
AVA,2017,8,1295.0631720430108
NSB,2017,8,61.821236559139784
NEVP,2017,8,5520.879032258064
LGEE,2017,8,4399.958333333333
SCL,2017,8,1040.4952893674295
CHPD,2017,8,176.14247311827958
WAUW,2017,8,102.0524193548387
PGE,2017,8,2538.6491935483873
TEC,2017,8,2985.6814516129034
AEC,2017,8,611.2056451612904
PACW,2017,8,2352.5067204301076
JEA,2017,8,1817.6626344086021
SC,2017,8,3168.0323014804844
BANC,2017,8,2610.9489247311826
DOPD,2017,8,176.5100942126514
SRP,2017,8,4579.470430107527
BPAT,2017,8,6143.948924731183
GVL,2017,8,288.1505376344086
SOCO,2017,8,31518.620967741936
PSCO,2017,8,5285.541666666667
FPL,2017,8,17371.092741935485
TIDC,2017,8,413.625
MISO,2017,8,79934.30107526881
WALC,2017,8,1257.6612903225807
EPE,2017,8,1186.8293010752689
CPLW,2017,8,576.1948924731183
PACE,2017,8,6201.258411843876
ERCO,2017,8,49012.23387096774
PJM,2017,8,97003.4126344086
CPLE,2017,8,7968.634408602151
DUK,2017,8,13308.729838709678
TVA,2017,8,19975.8938172043
TPWR,2017,8,499.9301075268817
SCEG,2017,8,3258.1424731182797
SWPP,2017,8,32328.299731182797
IPCO,2017,8,2405.4139784946237
GCPD,2017,8,652.6545698924731
SPA,2017,8,76.15053763440861
ISNE,2017,8,15090.37027027027
IID,2017,8,633.3319892473119
PNM,2017,8,1735.111559139785
WACM,2017,8,3103.5147849462364
AECI,2017,8,2314.1182795698924
HST,2017,8,77.91532258064517
FPC,2017,8,7595.212365591397
TEPC,2017,8,2063.3064516129034
PSEI,2017,8,3346.2732166890983
OVEC,2017,8,17.525537634408604
AZPS,2017,8,4711.815860215053
TPWR,2017,9,482.3513888888889
WALC,2017,9,1223.9569444444444
PNM,2017,9,1603.3694444444445
CHPD,2017,9,158.88194444444446
CPLW,2017,9,512.675
TIDC,2017,9,358.81944444444446
AECI,2017,9,2185.2625
GCPD,2017,9,557.6071428571429
NWMT,2017,9,1252.7653791130185
NYIS,2017,9,18241.441666666666
SPA,2017,9,69.89444444444445
NEVP,2017,9,4543.640277777778
WAUW,2017,9,82.79861111111111
IPCO,2017,9,-3320.082857142857
EPE,2017,9,1089.411111111111
AEC,2017,9,537.0944444444444
PACW,2017,9,2174.473611111111
DUK,2017,9,11479.456944444444
LDWP,2017,9,3671.8914285714286
WACM,2017,9,2900.597222222222
BPAT,2017,9,5624.948611111111
CPLE,2017,9,6891.756944444444
MISO,2017,9,75299.70555555556
FPC,2017,9,6664.477777777778
IID,2017,9,497.30555555555554
GVL,2017,9,263.49861111111113
SCEG,2017,9,2878.186111111111
PSCO,2017,9,4927.040277777778
FPL,2017,9,15444.0125
JEA,2017,9,1611.2486111111111
FMPP,2017,9,2238.8307030129126
AZPS,2017,9,4021.175
PJM,2017,9,88049.61944444444
HST,2017,9,66.99027777777778
ISNE,2017,9,13792.511988716502
OVEC,2017,9,0.0
TEPC,2017,9,1893.5333333333333
SC,2017,9,2759.75
PGE,2017,9,2294.9958333333334
TEC,2017,9,2708.6902777777777
SEC,2017,9,220.62916666666666
PACE,2017,9,5362.502777777778
SWPP,2017,9,30161.75972222222
SRP,2017,9,3951.079166666667
AVA,2017,9,1172.026388888889
BANC,2017,9,2311.344285714286
PSEI,2017,9,3115.1319444444443
SOCO,2017,9,27198.25138888889
NSB,2017,9,56.10138888888889
LGEE,2017,9,3905.6069444444443
CISO,2017,9,29133.868055555555
TVA,2017,9,17384.577777777777
DOPD,2017,9,150.44011142061282
ERCO,2017,9,44670.39861111111
TAL,2017,9,346.29305555555555
SCL,2017,9,1009.7916666666666
LDWP,2017,10,3320.17876344086
PGE,2017,10,2170.853494623656
TVA,2017,10,15992.125
EPE,2017,10,898.9166666666666
BPAT,2017,10,5738.377688172043
CPLE,2017,10,6142.217741935484
WAUW,2017,10,71.59811827956989
TEC,2017,10,2525.3387096774195
NYIS,2017,10,16557.513440860213
NSB,2017,10,51.729838709677416
NEVP,2017,10,3678.3131720430106
TIDC,2017,10,286.53225806451616
SCL,2017,10,1053.5658602150538
WACM,2017,10,2720.8830645161293
FPL,2017,10,14901.637096774193
AEC,2017,10,484.38575268817203
SRP,2017,10,3205.7741935483873
AVA,2017,10,1267.5698924731182
MISO,2017,10,69384.47446236559
SPA,2017,10,63.96774193548387
DOPD,2017,10,152.28225806451613
SCEG,2017,10,2623.869623655914
CHPD,2017,10,176.5013440860215
ISNE,2017,10,12499.521031207598
WALC,2017,10,1255.6814516129032
FMPP,2017,10,2114.6814516129034
PNM,2017,10,1428.2056451612902
PACW,2017,10,2024.891129032258
GVL,2017,10,237.49193548387098
GCPD,2017,10,531.1720430107526
LGEE,2017,10,3608.891129032258
PSCO,2017,10,4509.052419354839
TPWR,2017,10,531.8333333333334
TAL,2017,10,321.63709677419354
IID,2017,10,392.3790322580645
PSEI,2017,10,3136.939516129032
TEPC,2017,10,1581.6451612903227
BANC,2017,10,1804.9583333333333
JEA,2017,10,1496.2574931880108
AZPS,2017,10,3270.8897849462364
AECI,2017,10,1984.8010752688172
DUK,2017,10,10607.060483870968
HST,2017,10,66.5752688172043
CPLW,2017,10,532.3629032258065
OVEC,2017,10,0.0
SWPP,2017,10,26525.047043010753
SOCO,2017,10,24962.450268817203
ERCO,2017,10,39033.69489247312
CISO,2017,10,25699.077956989247
NWMT,2017,10,1201.728494623656
SEC,2017,10,162.68010752688173
PJM,2017,10,81004.99731182796
PACE,2017,10,5074.912634408603
IPCO,2017,10,-8274.70564516129
SC,2017,10,2520.0026990553306
FPC,2017,10,6202.979838709677
EPE,2017,11,784.3908205841446
DOPD,2017,11,188.2392211404729
TEPC,2017,11,1433.4375
SC,2017,11,2521.472496473907
TVA,2017,11,16331.443055555555
PACE,2017,11,5104.697222222222
WACM,2017,11,2783.1847222222223
DUK,2017,11,10871.3125
LGEE,2017,11,3740.1125
TAL,2017,11,263.525
FPC,2017,11,5044.131944444444
HST,2017,11,57.625
FMPP,2017,11,1779.2177650429799
NSB,2017,11,40.0557880055788
SRP,2017,11,2662.1208333333334
LDWP,2017,11,2902.711964549483
CPLW,2017,11,565.2708333333334
TPWR,2017,11,618.4416666666667
GCPD,2017,11,535.2542857142857
BPAT,2017,11,6388.120833333333
ERCO,2017,11,36075.21944444445
MISO,2017,11,70415.48888888888
NYIS,2017,11,16763.15
SOCO,2017,11,23596.776388888888
WALC,2017,11,1287.7402777777777
AEC,2017,11,447.84722222222223
SCL,2017,11,1167.5048678720445
PJM,2017,11,85572.0347705146
GVL,2017,11,190.94575799721835
FPL,2017,11,12873.12100139082
CISO,2017,11,24079.290322580644
TEC,2017,11,2124.201668984701
CHPD,2017,11,231.0
TIDC,2017,11,257.28333333333336
OVEC,2017,11,34.52054794520548
BANC,2017,11,1752.422857142857
IPCO,2017,11,-1101.1716738197424
JEA,2017,11,1252.9008379888269
WAUW,2017,11,88.18497913769124
AECI,2017,11,2154.036111111111
PACW,2017,11,2319.223611111111
AVA,2017,11,1498.3930555555555
NEVP,2017,11,3528.7319444444443
SCEG,2017,11,2467.798331015299
PSCO,2017,11,4670.555555555556
SPA,2017,11,64.20277777777778
PNM,2017,11,1424.2166666666667
NWMT,2017,11,1319.7550143266476
SWPP,2017,11,27011.598611111112
PGE,2017,11,2360.447222222222
SEC,2017,11,-155.4089012517385
AZPS,2017,11,2830.689415041783
CPLE,2017,11,6350.9875
ISNE,2017,11,13220.684357541899
IID,2017,11,322.51114206128136
PSEI,2017,11,3710.4416666666666
AZPS,2017,12,2898.939142461964
SOCO,2017,12,26350.18682795699
CPLE,2017,12,7339.660194174758
FMPP,2017,12,1755.6421499292787
TEC,2017,12,2144.6518723994454
AVA,2017,12,1710.1229281767955
HST,2017,12,52.662180349932704
DUK,2017,12,12156.29542302358
GVL,2017,12,202.45895020188425
PSEI,2017,12,4180.158333333334
TIDC,2017,12,257.80913978494624
SWPP,2017,12,31129.828254847645
SC,2017,12,2904.7531206657422
SPA,2017,12,72.52150537634408
PJM,2017,12,97617.1095700416
IPCO,2017,12,-5606.580110497238
CPLW,2017,12,669.9070735090153
MISO,2017,12,76376.40915395285
BANC,2017,12,1934.2707182320441
CHPD,2017,12,298.0773480662983
LDWP,2017,12,2953.373611111111
WAUW,2017,12,100.08575380359613
TVA,2017,12,19012.82132963989
PACE,2017,12,3049.0954356846473
PGE,2017,12,2668.787634408602
ISNE,2017,12,15136.302127659574
NWMT,2017,12,1438.3541666666667
FPC,2017,12,5305.983356449376
PACW,2017,12,3133.24861878453
JEA,2017,12,1394.785401459854
WALC,2017,12,1070.8921161825726
SCL,2017,12,1307.4381720430108
IID,2017,12,302.27714285714285
SRP,2017,12,2778.1811894882435
SCEG,2017,12,2725.226074895978
BPAT,2017,12,7497.089779005525
DOPD,2017,12,235.75537634408602
WACM,2017,12,3206.8533886583677
AEC,2017,12,530.668975069252
NEVP,2017,12,3761.281767955801
NSB,2017,12,40.604838709677416
OVEC,2017,12,80.0
LGEE,2017,12,4269.671289875173
FPL,2017,12,12292.02080443828
PNM,2017,12,1576.2669432918397
AECI,2017,12,2738.935483870968
PSCO,2017,12,5160.765193370165
SEC,2017,12,197.74479889042996
CISO,2017,12,24764.463888888888
TEPC,2017,12,1473.1438450899032
NYIS,2017,12,18521.08827586207
EPE,2017,12,835.4751381215469
GCPD,2017,12,585.0773480662983
TPWR,2017,12,703.2056451612904
ERCO,2017,12,39285.7728531856
TAL,2017,12,285.98790322580646
SCEG,2018,1,3174.1653225806454
BANC,2018,1,1878.7069892473119
DOPD,2018,1,222.36827956989248
NWMT,2018,1,1427.8131720430108
PJM,2018,1,105505.85483870968
NSB,2018,1,50.721774193548384
HST,2018,1,47.915208613728126
TEPC,2018,1,1441.8763440860216
ERCO,2018,1,42202.45430107527
AEC,2018,1,668.4784946236559
CHPD,2018,1,278.02016129032256
OVEC,2018,1,80.0
SRP,2018,1,2718.7352150537636
WACM,2018,1,3333.687837837838
AZPS,2018,1,2828.9120433017592
AVA,2018,1,1599.9959349593496
SC,2018,1,3320.8817204301076
WALC,2018,1,960.3373655913979
CPLE,2018,1,8708.772849462366
CISO,2018,1,23819.26594301221
PSEI,2018,1,3944.034188034188
PSCO,2018,1,5127.690860215053
TPWR,2018,1,655.4677419354839
WAUW,2018,1,109.4764468371467
FPC,2018,1,6290.0
CPLW,2018,1,777.7016129032259
AECI,2018,1,3241.9973118279568
LGEE,2018,1,4817.794354838709
TAL,2018,1,345.5779569892473
PACW,2018,1,2782.683923705722
JEA,2018,1,1766.1487603305786
GVL,2018,1,242.56854838709677
DUK,2018,1,14117.653171390013
SPA,2018,1,87.72177419354838
TVA,2018,1,21969.3938172043
BPAT,2018,1,6967.088435374149
TEC,2018,1,2369.1545698924733
IID,2018,1,288.83383233532936
NEVP,2018,1,3652.3817204301076
SEC,2018,1,207.81048387096774
EPE,2018,1,845.1388140161725
PNM,2018,1,1571.6505376344087
SWPP,2018,1,31572.845430107525
NYIS,2018,1,19250.877688172044
PACE,2018,1,5602.834677419355
MISO,2018,1,81972.74048913043
FPL,2018,1,12830.566621803498
TIDC,2018,1,260.4610215053763
FMPP,2018,1,1990.9287634408602
IPCO,2018,1,-960.9260752688172
SOCO,2018,1,30919.9314516129
GCPD,2018,1,580.6922043010753
LDWP,2018,1,2946.8165517241378
ISNE,2018,1,15604.877914951989
PGE,2018,1,2497.6720430107525
SCL,2018,1,1259.9112903225807
SCL,2018,2,1198.4126213592233
PGE,2018,2,2373.1116504854367
OVEC,2018,2,80.0
WALC,2018,2,928.5748792270531
MISO,2018,2,78157.98326359833
FPC,2018,2,5076.952153110048
TEC,2018,2,2083.397129186603
CPLW,2018,2,653.3062200956938
LDWP,2018,2,2949.4842105263156
ISNE,2018,2,14802.751219512194
ERCO,2018,2,38861.36538461538
BPAT,2018,2,6698.466019417476
SCEG,2018,2,2589.267942583732
TVA,2018,2,19185.259615384617
PSCO,2018,2,5093.818652849741
WAUW,2018,2,119.14975845410628
DUK,2018,2,12197.181818181818
AZPS,2018,2,2698.7294685990337
BANC,2018,2,1760.6601941747572
CISO,2018,2,23272.601941747573
PACE,2018,2,5352.024154589372
FPL,2018,2,12424.746411483253
CPLE,2018,2,6960.7511961722485
IPCO,2018,2,1557.0582524271845
NYIS,2018,2,18625.686274509804
LGEE,2018,2,4368.468899521531
SWPP,2018,2,32142.56730769231
SPA,2018,2,-4181.116379310345
TPWR,2018,2,591.7038834951456
DOPD,2018,2,200.5
SEC,2018,2,195.79904306220095
FMPP,2018,2,1739.2751322751324
PJM,2018,2,100166.77511961723
EPE,2018,2,786.4320388349514
PSEI,2018,2,3729.8446601941746
SOCO,2018,2,24969.96120689655
NWMT,2018,2,1428.1368421052632
TAL,2018,2,274.04784688995215
NSB,2018,2,39.50259067357513
TIDC,2018,2,255.55339805825244
AVA,2018,2,1507.3106796116506
PACW,2018,2,2364.9368932038833
GCPD,2018,2,551.2718446601941
SC,2018,2,2640.3236714975847
JEA,2018,2,1297.2119205298013
PNM,2018,2,1465.743961352657
CHPD,2018,2,240.24757281553397
HST,2018,2,54.26794258373206
GVL,2018,2,194.58373205741626
IID,2018,2,246.56796116504853
TEPC,2018,2,1385.7971014492753
SRP,2018,2,2624.1400966183573
NEVP,2018,2,3454.7038834951454
WACM,2018,2,3311.975845410628
AEC,2018,2,450.2980769230769
AECI,2018,2,3128.3719806763283
